{"mean":{"confidence_interval":{"confidence_level":0.95,"lower_bound":63323474.12555556,"upper_bound":63595382.35411161},"point_estimate":63459254.7266865,"standard_error":69760.87044223558},"median":{"confidence_interval":{"confidence_level":0.95,"lower_bound":63331441.5,"upper_bound":63625351.62777778},"point_estimate":63418964.30357143,"standard_error":78552.23084229487},"median_abs_dev":{"confidence_interval":{"confidence_level":0.95,"lower_bound":18326.177352143106,"upper_bound":396393.1180626154},"point_estimate":169080.79228779676,"standard_error":95461.67586526908},"slope":{"confidence_interval":{"confidence_level":0.95,"lower_bound":63374744.60211946,"upper_bound":63553481.1050751},"point_estimate":63448477.0961039,"standard_error":46148.1304533781},"std_dev":{"confidence_interval":{"confidence_level":0.95,"lower_bound":106236.8013150666,"upper_bound":313941.90318281256},"point_estimate":233525.31291160156,"standard_error":53466.69124380193}}